{
  "timestamp": "2026-04-04T20:14:49.207Z",
  "nodeVersion": "v25.2.1",
  "platform": "darwin",
  "arch": "arm64",
  "results": {
    "Creation": {
      "opsPerSecond": 50378890,
      "timePerOp": 0.000019849584
    },
    "Emit (1 handler)": {
      "opsPerSecond": 48399393,
      "timePerOp": 0.000020661416
    },
    "Emit (10 handlers)": {
      "opsPerSecond": 13768811,
      "timePerOp": 0.00007262791
    },
    "Emit (100 handlers)": {
      "opsPerSecond": 1887223,
      "timePerOp": 0.00052987915
    },
    "Wildcard Emit": {
      "opsPerSecond": 35905998,
      "timePerOp": 0.0000278505
    },
    "On + Unsub cycle": {
      "opsPerSecond": 10682819,
      "timePerOp": 0.00009360824999999999
    },
    "Off (specific)": {
      "opsPerSecond": 10815030,
      "timePerOp": 0.000092463916
    },
    "Mixed ops": {
      "opsPerSecond": 8543738,
      "timePerOp": 0.00011704478999999999
    }
  }
}