{
  "timestamp": "2026-07-09T15:58:33.869Z",
  "nodeVersion": "v25.2.1",
  "platform": "darwin",
  "arch": "arm64",
  "results": {
    "Creation": {
      "opsPerSecond": 42648623,
      "timePerOp": 0.000023447416
    },
    "Emit (1 handler)": {
      "opsPerSecond": 39031245,
      "timePerOp": 0.0000256205
    },
    "Emit (10 handlers)": {
      "opsPerSecond": 13248251,
      "timePerOp": 0.00007548166
    },
    "Emit (100 handlers)": {
      "opsPerSecond": 1890307,
      "timePerOp": 0.0005290146
    },
    "Wildcard Emit": {
      "opsPerSecond": 38358634,
      "timePerOp": 0.00002606975
    },
    "On + Unsub cycle": {
      "opsPerSecond": 10861174,
      "timePerOp": 0.000092071082
    },
    "Off (specific)": {
      "opsPerSecond": 11025713,
      "timePerOp": 0.000090697084
    },
    "Mixed ops": {
      "opsPerSecond": 8331135,
      "timePerOp": 0.00012003167
    }
  }
}