{
  "timestamp": "2026-04-02T16:33:00.660Z",
  "nodeVersion": "v25.2.1",
  "platform": "darwin",
  "arch": "arm64",
  "results": {
    "Creation": {
      "opsPerSecond": 37116654,
      "timePerOp": 0.000026942084
    },
    "Emit (1 handler)": {
      "opsPerSecond": 37398321,
      "timePerOp": 0.000026739168
    },
    "Emit (10 handlers)": {
      "opsPerSecond": 12308513,
      "timePerOp": 0.00008124458000000001
    },
    "Emit (100 handlers)": {
      "opsPerSecond": 1740448,
      "timePerOp": 0.0005745645999999999
    },
    "Wildcard Emit": {
      "opsPerSecond": 35741092,
      "timePerOp": 0.000027978999999999998
    },
    "On + Unsub cycle": {
      "opsPerSecond": 10735921,
      "timePerOp": 0.00009314525000000001
    },
    "Off (specific)": {
      "opsPerSecond": 10317495,
      "timePerOp": 0.00009692274999999999
    },
    "Mixed ops": {
      "opsPerSecond": 7896477,
      "timePerOp": 0.00012663875
    }
  }
}